urge drop singer olly entrant eurovision emerge sign letter call regime plan take action singer sign letter week unveil report current event simply escalation state israel apartheid regime act ethnically cleanse land maybe time stop let decide represent first ever eurovision victory come year annual competition launch sandie shaw puppet string	train
olly new eurovision act criticise signing statement accuse genocide describe apartheid state response statement spokesperson campaign antisemitism tell sky news alexander remove eurovision representative rhetoric letter seemingly endorse olly say philosemitism controversial term refer special interest respect admiration jewish people jewish history jewish stereotype sky contact olly comment	train
union representative claim bar inspect mcdonald worker complain see rat restaurant week employee adelaide report almost daily sighting send representative investigate worker diner claim faulty wiring fall ceiling tile infestation create unsafe work environment spokesperson say direct contact franchisee store regard allegation make report concern report shop distributive ally employee send representative confirm allegation	train
invite gun allege fraudster invite allege fraudster convict gun smuggler accord court document accord telegraph introduce tarek libyan smuggler believe come together dinner potential investor turk repay isbilen solicitor write offer explanation turk deny dishonestly misappropriate money say decide give initiative	train
set use artificial intelligence crack unauthorized new year eve party ban violator set use artificial intelligence crack unauthorized new year eve party ban violator perform square previous year personally greet virtually lucky guest transparent dome see guest throw unauthorized party property book company decide codify party ban policy last year airbnb embrace ai crack new year eve party public reaction divide	train
say see lack diversity workplace long period time week radio live presenter say work overwhelmingly white bad mental health year old presenter post formerly know twitter lack diversity publicly fund broadcaster isolate lonely tell conference really affect walk see white arthanayake respond say white people see colour treat accordingly ever get follow interview live producer say organisation commit tackle lack diversity newsroom	val
woman emerge front runner take force quit disgrace face stiff competition oil giant turmoil resign chief executive fail fully transparent personal relationship colleague delaney become first woman lead top western oil gas firm lund already rule become chief executive follow early speculation take job delaney work marketing commercial role	train
top executive reveal company work wireless charge car appearance garage work inductive charging even need plug point say tesla spend wiferion german wireless charging startup know inductive charge fork lift truck vehicle report time purpose purchase acquire talent field inductive charging recently release small charge pad consumer electronic charge device	text
general cut size buick dealership network roughly ongoing voluntary program executive tell enable triple throughput remain dealer aldre say online interview buick plan continue offer buyout cost thus far next year average sale remain store still trail gmc brand largely share showroom buick accord aldre majority dealer take buyout small store represent buick annual sale	val
get free morning headline email news reporter world free morning headline email enter valid email address enter valid email address sign like email offer event update independent read privacy notice thank sign themorning headline email go wrong try later secure m donation oil giant bp vocal opposition environmental campaigner mayfield say ground urgent need renovation grateful vice - president say proud long term partner important british institution play part future transformation	text
extend year long partnership oil giant bp decade deal worth 50million however deal likely prove controversial critic long oppose museum relationship actress call drop activist occupy museum great court protest senior vice say offer window world million people pass door year culture unstained director call partnership bp	train
investigation also determine carrefour supplier require provide free product pay listing fee new branch open well post employee supermarket branch say statement share	train
sign agreement promote exchange business class ticket official visit agreement also allegedly include economy class flight pre - visit flight deputy mayor mayor say declare cost gla audit panel accordance rule agreement result formal partnership great contact comment	train
run competition give brokest staff trinket toil unsafe condition peanut delivery behemoth put flyer warehouse invite worker write letter mascot struggle financially particularly triple profit month sale worker warehouse already campaign safe working condition go strike cyber big day year worker picket factory cyber thanksgive demand well pay safe condition	train
global alternative asset private equity investor announce release global macro outlook identify decarbonization large scale brown green transition asset heavy sector particular key mega - theme drive investment opportunity report balance sheet head global macro asset note decarbonization effort date primarily focus asset light technology drive advance investment go forward aim enable scale climate impact likely much asset heavy nature generate large scale opportunity target large emission intensive sector global economy specifically report opportunity create requirement decarbonize traditional power generation property transportation industrial sector addition need upgrade global supply chain building center follow climate focus sector decarbonization move include launch global climate strategy team firm say marked expansion focus climate invest well recent investment include allocation transport grid decarbonization solution company zenobē acquisition early month energy electrification solution company smart metering system sm report also highlight climate relate opportunity emergence ai technology new form energy require footprint energy distribution rework reconfiguration represent major opportunity infrastructure part private equity mega - themes highlight outlook report include industrial automation security intra - asia connectivity labor productivity work development artificial intelligence click access report	train
attack southern multiple projectile launch houthi control territory official tell prompt send warship light deteriorate security situation ship decide temporarily pause transit meanwhile yemen align houthi rebel target ship sea missile drone late driving cost shipping good red meanwhile report today consider join western naval coalition mean protect ship	text
grow number company include pause shipment recent attack vessel houthi rebel light deteriorate security situation ship decide temporarily pause transit operation canal start pause follow attack vessel back houthi militant image hms diamond fire sea viper missile shoot launch series attack vessel launch drone missile target	train
even diehard city watcher forgive skim part company annual report many shareholder tome head straight pay section gawp boss bonus perk important large proportion bonus tie success imperial brand vape chief executive imperial brand large proportion bonus tie success company vape division sign important ciggie maker impressed achievement boss let slip breakfast often reeve recently wife	train
ceo push hard electric driverless car finish line keep move far away	train
autopilot system prompt tesla recent recall vehicle subject lawsuit claim company promise deliver case put people danger	val
launch sexual harassment probe top soap star accuse misconduct set unnamed male television star film new scene claim first make launch sexual harassment probe top scottish soap star accuse misconduct set say police involve harassment claim instead deal internally tell mailonline comment individual take allegation nature seriously bbc robust process place thoroughly investigate	train
federal agency seek force starbuck reopen store allegedly shutter last year order discourage nationwide union campaign agency seek order require starbuck immediately reopen store re - hire employee least company own starbuck store vote unionize accord national labor relation board picture starbuck worker unite starbuck store dupont decide sue worker demand stop use name starbuck worker post pro - palestinian message social medium	train
public comment period draft report extend afford public little time review provide feedback holiday season accord draft report control water sewer system transfer new authority board member appoint governor task force conduct racial economic equity assessment regional water authority argue issue address transition authority example consultant claim evidence regional authority improve worker retention information show water system lose nearly percent workforce transition great lake water authority case study regional authority lead mass water shutoff water privatization loss potentially thousand unionized position city county government	val
cruise majority own autonomous vehicle subsidiary increasingly look next massively cut spending growth plan business include pause production new robotaxi autonomous vehicle viable commercialize autonomous vehicle pan far challenge many predict even year ago -backe also continue test autonomous vehicle several state	text
become interested try gather strength say mandeí indigenous sister mandei leave right pose picture community canutama state indigenous kid play indigenous territory roughly size cover old growth amazon rainfor starry sky shine indigenous community	train
volunteer hold sign push unionize starbuck worker continue front store federal labor regulator look force starbuck reopen area starbuck store location close country move allegedly do suppress union organize complaint file national labor relation board accuse starbuck close store worker engage union activity fail participate collective bargaining unionize store complaint late confirmation starbuck determination illegally oppose worker organize member starbuck worker say statement believe store first starbuck location attempt unionization shut halt effort unionize	train
company announce let go person workforce percent cut cost slew safety problem footage take cruise vehicle view reveal car hit woman throw path taxi run cruise driverless taxi block ambulance carry critically injure car crash victim later die hospital general say lose result worker strike cut spending cruise save money buy company expect annual revenue cruise big jump last year	train
group current former prisoner sue state alleging make 450million force work fast food chain lawsuit file court claim prisoner force modern day form slavery state plaintiff say regularly force work mcdonald burger king franchise anheuser busch distributor meat processor accord complaint inmate live constant danger murder stab rape refuse work state punish even contact state comment	train
disgrace ex - bp boss say proud leadership oil company board find guilty serious misconduct say proud achieve colleague time chief executive officer look future want simply wish bp good investor look draw line series scandal make chief executive appointment analyst say recent chief executive force resign prompt concern workplace culture	train
female soccer fan claim small win long campaign allow stadium watch man game decade total exclusion harassment photograph post social medium campaign group open stadium female fan azadi stadium tehran big game rival persepolis woman mainly prohibit attend man soccer game sport event islamic revolution breakthrough come month fan bring issue game world ongoing dialogue progress make infantino write instagram account	val
cotton piece title send troop call army use tackle criminal rioting spark instant backlash staff time say call harsh intervention piece undermine paper commitment protestor safety bennet say staff even quit day piece run say receive call publisher sulzberger demand resignation paper shift away foster diverse inclusive debate claim enter environment enforce group think conservative voice even eloquent anti - trump conservative voice despise closing piece bennet say eject way avoid confront question value time commit	train
dancing edge bbc new social medium guideline taunt grant shapps tweet accord former controller post prompt question defence secretary say former footballer stop meddle area conservative speak beeb watch damazer say s dance edge border new social medium policy think agree least push edge say think helpful support become story	train
announce internally lie employee company confirm support impact cruiser strong severance benefit package grateful depart employee play important role build cruise support mission know first priority treat depart cruiser fairness describe bonus impact employee receive bonus eligible target payout impact employee receive bonus eligible target payout	train
carbon removal solution provider carbonfuture announce today new offtake agreement removal credit collaboration bolivia base project set deliver tonne carbon dioxide removal credit deal mark large date purchase agreement project carbonfuture initiative ’ testament commitment environmental sustainability community empowerment recently publish carbon removal briefing describe biochar mainstay medium durability portfolio plan carbon removal bridge durability cost gap short duration solution afforestation long duration high cost solution marr senior director say	train
photo dilara getty spending record amount money lobby federal government year short term rental service airbnb vrbo come increase scrutiny impact housing affordability traditional hospitality industry hotel federal lobbying report list bill name hotel fee transparency act introduce minn require price show short term rental listing include require fee spokesperson company tell opensecret anticipate surpass last year federal lobbying total	text
business create calm space customer feel sensory overload	train
state official pension employee seek exemption anti - esg law	train
driver diesel car fork much time electric vehicle borough greenwich charge resident emission car year parking permit owner pollute vehicle fork massive band c car park charge hour respectively dozen borough include introduce similar scheme base parking charge emission level also month announce charge base vehicle emission	train
cent firm overall role senior leader cent senior leader man speak senior hire aviva staff overall group rejoin group say base act sack male employee inappropriate behaviour belief woman senior management role behaviour go away	train
read privacy notice thank sign themorning headline email go wrong try later tesco recall stuffing product contain moth tesco apologise customer inconvenience warning message share supermarket chain make mention moth end stuffing product food standard independent government department responsible public health relation food problem food product sell withdraw recall	train
say former chief executive lose much compensation result abrupt resignation relationship colleague	text
last night conclude former chief executive guilty serious misconduct scandal relationship colleague oil giant board lead industry veteran lund decide pay bonus scandal centre probe launch last year claim source cost scandal former oil boss dwarf sum strip topple boss divorce wife year shortly become chief executive oil giant	text
say sexism financial service sector worse wide society become insurer first female chief executive sit board tell mp very positive experience industry say many woman deal societal issue definitely amplify financial service add speak part sexism city inquiry launch harassment allegation rock business world become first female chief exec tell mp very positive experience industry many woman not’the testimony also include evidence woman exclude key meeting overlook promotion	text
last hear former bad place dismiss summarily provide mislead information personal relationship colleague give eye pop size clawback demand £ 3243million understand loss wealth put rise forfeiture 76million follow disclosure detail banking arrangement look modest much happen boot public domain walgreen public list british defence aerospace champion pick contract run ammunition plant decade	val
hand almost 500million italian authority end protract tax dispute prosecutor say fail comply law oblige short term rental platform collect cent rental income behalf tax authority result pay company last month accuse owe much £ 672million short term rental taxis airbnb say vast majority host ordinary family use platform supplemental income florence year ban new listing tourist bed exceed number long term resident	train
come estimate item collection worth million pound find miss steal damaged police investigate	train
probably breach bbc social medium guideline taunt row scheme bbc income chairman say today write social medium read new guideline say read hear shah announcement today post social medium appreciate incoming chairman view lineker social medium activity see come fire critic attack government policy say regulator	text
former boss m actual potential pay mislead board workplace relationship company announce figure believe large amount ever forfeit former chief executive say give assurance regard disclosure personal relationship well future behaviour spokesperson say follow careful consideration board conclude provide inaccurate incomplete assurance knowingly mislead board follow resignation bps chief financial officer auchincloss appoint chief executive interim basis	train
read privacy notice thank signing theview westminster email go wrong try later tweet mock right wing tory mp break social medium guideline income chairman corporation say accuse breach guideline grant warn stick football plan criticism discuss issue arise presenter say sunak agree shah	val
federal court jury decide late store play use anti - competitive practice hurt consumer software developer result markedly different epic game similar effort change apple app store lose count big difference apple write trial epic game instead focus lock app store market deal handset maker scare user away use android sideloade functionality security warning also reveal enter talk investment maker	train
kind - hearted schoolboy open present bank help struggle afford buy gift family s receive worth donation aldi help get start year make headline shed use food bank raid burglar steal worth food budget supermarket take support step donate worth gift new present bank start bank worth grocery	train
social medium post defence appear breach bbc guideline government candidate corporation chairman say enable cookie allow cookie news daily get former footballer recently hit question match day host express political view enable cookie allow cookie oncemr shapp previously accuse breach code conduct minister mp continue work marketer get rich quick scheme pseudonym enter parliament view content use cookie session enable cookie allow cookie oncea previous twitter scandal involve lead strengthen social medium guideline staff issue impartiality civility	train
mastercard face prospect cap so call interchange fee charge transaction make estimate cost business extra last year alone regulator say probe time people use mastercard visa debit credit card issue online retail transaction business pay cross - border interchange fee design make sure cross - border interchange fee set level well reflect interest mastercard visa user accept reliable secure innovative digital payment represent enormous value business especially sell overseas spokesperson say	train
competition authority launch probe environmental claim make dove soap owner say new investigation company follow	text
foot tall loom new electric car assembly line central use import shock absorber central car make chinese factory rely decade engineer design car chinese market volkswagen begin hire team nearly chinese engineer include hundred transfer volkswagen operation elsewhere electric car industrial new strategy volkswagen call sign command electric vehicle upend global auto making	train
go lot term look material see travel responsible way supply chain steelmaker	train
unilever investigation claim mislead customer exaggerate green product investigation major embarrassment well know brandish woke credential far evidence ve see raise concern present certain product environmentally friendly cma look green claim make unilever stack say concerned use vague broad claim unclear statement recyclability natural looking image logo face investigation thing speak	train
face call ditch demand mechanic inspect safety critical work try claw profit lose due crash pandemic inspector reason machinist aerospace worker tell rely self inspection manufacturing supplier insist apply less percent task company abandon practice plant last year automate process former say technology steadily away need manual inspection	train
unscrupulous often indecipherable pricing policy least bit surprised already dock allege greedflation find probe competition market authority cma overstate claim green credential suspect opposite number cma amuse cartel like lack transparency cma contend language use mislead consumer environmental impact introduction egk solution mean bmg relate institution confirm specification online	val
say early month company sell record single month take account widely hold theory electric vehicle sale dip people want buy various automaker announce second half year look reduce spend ev project automaker experience issue meet electric vehicle sale target write confirmation production figure cite automotive news receive response	val
